Aadhar No.,Name,Result,Probability
82735376378654,Rajan Kataria,1,0.9972169995307922
83749364,bshdg,1,0.4865049719810486
83749364,bshdg,0,0.9999854564666748
98439,kdguytgx,0,1.0
